Título,Código,Preço com Desconto,Preço Sem Desconto,Promoção,Descrição,Marca
SORO FISIOLÓGICO ADV 500ML,cod. do produto: 58008,"R$ 4,60","R$ 5,90",22%,"Soro Fisiológico ADV é uma solução de cloreto de sódio a 0,9%, indicada para limpeza de lentes de contato e áreas sensíveis do corpo. É recomendado também na lavagem e irrigação de ferimentos",
SORO FISIOLÓGICO ADV 100ML,cod. do produto: 58006,"R$ 2,55","R$ 2,90",12%,"SORO FISIOLÓGICO ADV 100ML em condições especiais é no Drogão Super!
Soro fisiologico, ideal para inalações e limpeza de lentes de contato.
Empregado de forma isolada ou associada a outros medicamentos para nebulização (vaporização das vias aéreas e pulmões).
Lavagem e irrigação de ferimentos nos curativos, sendo o único agente de limpeza totalmente.",
SUPLEMENTO ALIMENTAR NUTREN SENIOR SEM SABOR 740G,cod. do produto: 45116,"R$ 149,64","R$ 168,70",11%,"Nutren Senior é o suplemento nutricional da Nestlé desenvolvido pensando nas necessidades de quem já passou dos 50 anos e ainda tem muito o que aproveitar. Contém ACT-3, combinação única de cálcio, proteína e vitmina D, além de fornecer outras vitaminas.",
DESODORANTE ANTITRANSPIRANTE AEROSOL DOVE ORIGINAL 48H,cod. do produto: 4491,"R$ 12,84","R$ 17,90",28%,"Pensando no bem estar e cuidado com a pele das mulheres, o desodorante Antitranspirante Dove Original Aerosol tem ¼ de creme hidratante e vitaminas E e F para deixar suas axilas sempre macias. Em apenas 5 dias de uso você poderá notar a diferença de uma pele mais hidratada e recuperada das agressões da depilação.",Unilever
ABSORVENTE INTIMUS NOTURNO SUAVE COM ABAS 30 un,cod. do produto: 52798,"R$ 21,52","R$ 25,70",16%,"O que é: O Absorvente Intimus Noturno Suave com Abas é um produto de higiene íntima externo utilizado durante a menstruação. A sua função é absorver o sangue eliminado pela menstruação, evitando que este manche as roupas e assim cause constrangimentos.",Kimberly-Clark
ÁGUA OXIGENADA  ADV 10 VOLUMES 100ML,cod. do produto: 57988,"R$ 2,84","R$ 3,40",16%,"ÁGUA OXIGENADA  ADV 10 VOLUMES 100ML em condições especiais é no Drogão Super!
Água oxigenada cremosa adv foi desenvolvida especialmente pela tayuyna para descoloração dos fios capilares e também ajuda na oxidação nos processos de coloração.",
DESODORANTE AEROSOL REXONA MEN ACTIVE 90G,cod. do produto: 4354,"R$ 10,20","R$ 15,90",36%,"DESODORANTE AEROSOL REXONA MEN ACTIVE 90G em condições especiais é no Drogão Super!
O desodorante aerosol rexona men active, conta com microcápsulas inteligentes motionsense, que forma uma camada protetora na axila e ao longo do dia com o atrito na região aplicada as cápsulas se rompem proporcionando maior proteção.
O Desodorante aerosol rexona men active possui fragrância que proporciona agradável sensação de frescor.
Garante conforto e proteção seca por até 48 horas.
Quanto mais você se movimenta, mais ele te protege.",Unilever
ANTISSÉPTICO KURAMED 50ML,cod. do produto: 42108,"R$ 10,86","R$ 23,00",53%,Kuramed Sept é uma solução tópica com função antisséptica e anestésica. Pode ser utilizado para ferimentos e cortes superficiais.,
KIT CREME DENTAL COLGATE LUMINOUS WHITE 3 UNIDADES + ENXAGUANTE BUCAL LUMINUS,cod. do produto: 40128,"R$ 19,94","R$ 24,60",19%,"KIT CREME DENTAL COLGATE LUMINOUS WHITE 3 UNIDADES + ENXAGUANTE BUCAL LUMINUS em condições especiais é no Drogão Super!
O creme dental colgate luminous white é composto por microcristais aceleradores de branqueamento que ajudam a manter o seu sorriso mais branco e brilhante.
Sua fórmula exclusiva contém peróxido de hidrogênio, o mesmo princípio ativo que é utilizado pelos dentistas em tratamentos para o clareamento no consultório.
O creme dental luminous white, deixa seu sorriso mais branco e brilhante.
Na compra de 3 unidades, grátis enxaguante bucal luminous white 250 ml, que ajuda a manter o branco dos dentes e mantém o hálito fresco.
Além disso, possui um sistema seguro de anti-manchas e previne a formação de tártaro.",Colgate-Palmolive
DESODORANTE AEROSOL REXONA WOMEN POWDER 90G,cod. do produto: 48080,"R$ 10,20","R$ 15,90",36%,"O Desodorante Antitranspirante Aerosol Rexona Women Powder proporciona 48 horas de proteção contra a transpiração e o mau odor, deixando você confiante do primeiro ao último passo.
Sua fragrncia delicada e feminina contém uma rica combinação de jasmin e baunilha para que você se sinta seca e protegida por mais tempo.
Com a exclusiva tecnologia MotionSense: proteção para te manter em movimento.",Unilever
Desodorante Feminino Rexona Clinical Extra Dry Aerosol 150ml,cod. do produto: 51318,"R$ 11,12","R$ 15,90",30%,"O Desodorante Feminino Rexona Clinical Aerosol 150ml proporciona 3X mais proteção que um antitranspirante comum. Com a inovadora fórmula termo-ativa e exclusiva tecnologia Defense+, se adapta ao organismo, ajudando a prevenir a transpiração e o mau odor.",Unilever
"SORO FISIOLÓGICO 0,9% 5ML 10 UNIDADES",cod. do produto: 58009,"R$ 7,83","R$ 8,50",8%,"O Adv solução fisiológica é indicado em nebulizações, lavagem de lentes de contato, lavagem de ferimentos e hidratação da pele. A Solução fisiológica de cloreto de sódio adv depois de aberto, deve ser conservado em local refrigerado, mas sua validade é de apenas 24 horas.",
DESODORANTE ANTITRANSPIRANTE AEROSOL DOVE MEN CUIDADO TOTAL,cod. do produto: 35800,"R$ 9,12","R$ 17,90",49%,"O desodorante aerosol dove men cuidados total combina fragrância amadeirada com proteção contra o suor. Deixa as axilas secas e seguras contra o mau odor. Fórmula dermatologicamente testada e sem álcool.
O desodorante aerosol dove men care clean comfort combina fragrância amadeirada com proteção por até 48 horas.",Unilever
SUPLEMENTO ALIMENTAR PROBIANS 30 CÁPSULAS,cod. do produto: 53822,"R$ 75,96","R$ 96,00",21%,Probians é um suplemento alimentar de Lactobacillus em cápsulas.,
SUPLEMENTO ALIMENTAR EM PÓ TRIFOR 30 SACHÊS,cod. do produto: 53617,"R$ 169,90","R$ 237,40",28%,"Trifor é um suplemento alimentar em pó de colágeno hidrolisado, colágeno Tipo II e ácido hialurônico, com sabor Tangerina.",
K-MED GEL LUBRIFICANTE ÍNTIMO 50G,cod. do produto: 43268,"R$ 6,30","R$ 10,00",37%,"K-MED GEL LUBRIFICANTE ÍNTIMO 50G em promoção parcelado sem juros é no Drogão Super!
Gel para lubrificação íntima, de base aquosa que se assemelha á lubrificação natural.
Proporciona mais conforto e segurança, sem perder a sensibilidade.
Solúvel a água, transparente, não gorduroso, não tem cheiro, é facilmente removível e não mancha.
Uso adulto.",
Desodorante Masculino Rexona Clinical Aerosol 150ml,cod. do produto: 51316,"R$ 11,12","R$ 15,90",30%,"O Desodorante Masculino Rexona Clinical Aerosol 150ml proporciona 3X mais proteção que um antitranspirante comum. Com a inovadora fórmula termo-ativa e exclusiva tecnologia Defense+, se adapta ao organismo, ajudando a prevenir a transpiração e o mau odor.",Unilever
CARGA GILLETTE MACH3 SENSITIVE 2 UNIDADES,cod. do produto: 37664,"R$ 26,91","R$ 32,10",16%,"A gilete mach 3 sensitive é indicada para peles mais sensíveis. Ela conta com sistema de 3 lâminas independentes que acompanham o formato e os contornos do rosto, além de possuir cabo ergonômico que dá mais firmeza nas mãos na hora do uso e fita lubrificante melhorada, com toque de aloés que proporcionam um barbear com menos irritação da pele.",P&G
SABONETE PROTEX LIMPEZA PROFUNDA-ORIGINAL LEVE 6PAGUE5,cod. do produto: 51892,"R$ 17,65","R$ 21,00",16%,"Ajuda a eliminar as bactérias e remover os poros, as impurezas, e oleosidade que podem causar cravos e espinha. Contém extratos de algas marinhas, conhecido pelos seus benefícios de limpeza profunda e remoção de impurezas. Elimina 99% das bactérias da sua pele;",Colgate-Palmolive
CREME DENTAL SENSODYNE REPAIR E PROTECT 100G,cod. do produto: 39783,"R$ 18,79","R$ 21,60",13%,"O creme dental repair & protect, da sensodyne, conta com a exclusiva tecnologia novamin que tem alta concentração de cálcio e elementos naturais de formação dos dentes.
O produto é ativado ao entrar em contato com a saliva, auxiliando na reparação de áreas mais frágeis nos dentes.
O creme dental repair & protect, da sensodyne, forma uma camada protetora, que se renova a cada escovação, protegendo do desconforto causado pela sensibilidade.",
HASTES FLEXÍVEIS APOLO 150 UNIDADES,cod. do produto: 44235,"R$ 4,31","R$ 5,00",14%,"HASTES FLEXÍVEIS APOLO 150 UNIDADES  em condições especiais é no Drogão Super!
São produzidas com hastes de polipropileno flexíveis e fibras de puro algodão hidrófilo que passam por rigorosa seleção e recebem tratamento especial com bactericidas que as mantém livre de contaminações.
Com 75 unidades.",Apolo
CREME DENTAL COLGATE MÁXIMA PROTEÇÃO ANTICÁRIES 90G,cod. do produto: 3925,"R$ 4,00","R$ 4,80",17%,"CREME DENTAL COLGATE MÁXIMA PROTEÇÃO ANTICÁRIES 90G em condições especiais é no Drogão Super!
Creme",Colgate-Palmolive
ÁGUA OXIGENADA CREMOSA ADV 40 VOLUMES 100ML,cod. do produto: 57992,"R$ 3,41","R$ 4,10",17%,"ÁGUA OXIGENADA CREMOSA ADV 40 VOLUMES 100ML em condições especiais é no Drogão Super!
Água oxigenada cremosa adv foi desenvolvida especialmente pela tayuyna para descoloração dos fios capilares e também ajuda na oxidação nos processos de coloração.",
ABSORVENTE GERIÁTRICO MAXI BIOFRAL TAMANHO ÚNICO 20 UNIDADES,cod. do produto: 41750,"R$ 21,62","R$ 26,80",19%,"Biofral Maxi Geriatric é um absorvente descartável, indicado para mulheres e homens com incontinência urinária leve.  Também utilizado no período pós operatório de cirurgias genito-urinárias e no pós parto.",Essity
ESCOVA DENTAL ORAL-B123 MACIA,cod. do produto: 42137,"R$ 4,94","R$ 5,90",16%,"Foi desenvolvida com cerdas onduladas em forma de z que limpam adequadamente entre os dentes, enquanto as pontas arredondadas são gentis com a gengiva, proporcionando uma limpeza completa e profunda, deixando os dentes e boca saudáveis.",P&G
SABONETE PHEBO ODOR DE ROSAS 90G,cod. do produto: 3984,"R$ 4,22","R$ 5,00",16%,"O sabonete phebo odor de rosas possui base 100% vegetal.
Sua fórmula suave forma uma espuma intensa e cremosa que hidrata e dá mais maciez para a pele.
A base vegetal também permite que a fragrância fixe melhor na no corpo, deixando-o perfumado por muito mais tempo.
O Sabonete de glicerina phebo odor de rosas é recomendado para todos os tipos de pele e uso diário.",
SABONETE LÍQUIDO REFIL LUX BOTANICALS ORQUÍDEA NEGRA COM 200ML,cod. do produto: 50886,"R$ 4,84","R$ 5,80",17%,"Sabonete Líquido Lux Botanicals Orquídea Negra Refil apresenta espuma cremosa e delicada fragrância, proporcionando à pele um toque macio e aveludado.",Unilever
SUPLEMENTO NUTRICIONAL ENSURE BAUNILHA COM 850G,cod. do produto: 54462,"R$ 151,13","R$ 190,08",20%,Ensure é um suplemento nutricional completo e balanceado recomendado para pessoas que buscam força e resistência.,
KIT SABONETE NIVEA CREME CARE LEVE 6 PAGUE 5,cod. do produto: 48883,"R$ 17,79","R$ 23,90",26%,Sabonete Nivea Creme Care proporciona uma experiência única de carinho e cuidado durante o banho. Dermatologicamente testado. Compatível com todos os tipos de pele.,
SABONETE NIVEA LEITE COM 6 UNIDADES DE 85G LEVE+ PAGUE-,cod. do produto: 52537,"R$ 14,55","R$ 17,40",16%,"Sabonete com hidratante e proteínas do leite que limpa e cuida gentilmente da sua pele, para uma sensação de pele macia e hidratada. Possui suave fragrância de leite que deixa a pele delicadamente perfumada após o banho.",
ESCOVA DENTAL CURAPROX ULTRA SOFT MACIA CS 5460 B CORES SORTIDAS,cod. do produto: 41424,"R$ 35,41","R$ 42,30",16%,"ESCOVA DENTAL CUAPROX ULTRA SOFT EM PROMOÇÃO É NA FARMÁCIA ONLINE DROGÃO SUPER!

A Escova Dental Curaprox Adulto Ultra Soft, foi especialmente desenvolvida para proporcionar uma higiene bucal completa e atraumática e por causa da extrema suavidade e poder de limpeza, as gengivas amam essas escovas.
A Escova Dental Curaprox Adulto Ultra Soft, da Curaprox, conta com 5460 filamentos Ultrasoft, que possui ação seletiva sobre a placa bacteriana sem agredir a gengiva. Suas cerdas são compostas por Curen, que mesmo molhados mantém a sua superior firmeza original. Isso possibilita escovação profunda com mais maciez.

A Curaprox 5460 ultra macia é recomendada por dentistas do mundo inteiro. São 5.460 cerdas de CUREN® com 0.10mm de diâmetro.

- Suaves e não traumáticas: graças às cerdas CUREN®
- Eficácia total na limpeza por causa da grande quantidade de cerdas
- A cabeça compacta, ligeiramente inclinada, e o cabo oitavado ajudam a escovar no ângulo correto, garantindo uma melhor limpeza",Curaprox
DESODORANTE AEROSOL REXONA ANTIBACTERIAL MEN 90G,cod. do produto: 44661,"R$ 10,20","R$ 15,90",36%,"DESODORANTE REXONA AEROSOL ANTIBACTERIAL MEN 90G em condições especiais é no Drogão Super!
O desodorante rexona antibacterial men é um antitranspirante que deixa as axilas secas e ainda possui benefícios extras, além de sua eficácia, como ação prolongada por 48 horas e segurança o dia todo.
O desodorante rexona antibacterial men proporciona proteção seca e ainda auxilia na eliminação de 99,9% das bactérias que causam o mau odor.",Unilever
ENXAGUANTE BUCAL ANTISSÉPTICO COLGATE PERIOGARD SEM ÁLCOOL 250ML,cod. do produto: 34230,"R$ 34,58","R$ 39,10",12%,"EXAGUANTE ANTISSÉPTICO BUCAL COLGATE PERIOGARD SEM ÁLCOOL 250ML em condições especiais é no Drogão Super!
O enxaguante bucal colgate periogard sem álcool auxilia na redução da placa bacteriana e do mau hálito.
Ação antibacteriana comprovada que garante 48% menos sangramento e até 54% menos placa bacteriana.
O enxaguante bucal colgate periogard sem álcool possui ação comprovada na eliminação dos germes que causam a gengivite e a progressão de doenças periodontais.",Colgate-Palmolive
KIT ESCOVA DENTAL CURAPROX ULTRA SOFT 3 UNIDADES CORES SORTIDAS,cod. do produto: 47120,"R$ 95,59","R$ 114,20",16%,"O Kit Escova Dental Curaprox 5460 Ultra Soft Leve 3 Pague 2 Unidades compõe a linha de escovas dental mais completa. Conheça cada uma das escovas desta marca e desfrute dos benefícios que só Curaprox pode oferecer. Suas cerdas removem efetivamente placa bacteriana de difícil acesso entre os dentes. Curaprox é uma das marcas mais recomendada pelos dentistas. Suas tecnologias garantem boca e dentes mais saudáveis, e um hálito suavemente refrescante.",Curaprox
FIBER MAIS LATA 260G,cod. do produto: 37654,"R$ 117,88","R$ 131,50",10%,"Fibermais é um suplemento alimentar de fibra solúvel indicado para aumentar a ingestão rotineira de fibras dietéticas.
É o resultado da hidrólise parcial da goma guar e da adição de inulina.
Facilmente adicionado a uma grande variedade de alimentos e bebidas e não altera a textura, aroma e sabor dos produtos aos quais é adicionado.
Possui 60% goma guar e 40% inulina, essa combinação garante uma excelente performance como regulador intestinal e confere um maior efeito prebiótico.",
CREME DENTAL COLGATE TOTAL 12 ADVANCED FRESH,cod. do produto: 28930,"R$ 9,08","R$ 10,90",17%,"CREME DENTAL COLGATE TOTAL 12 ADVANCED FRESH em condições especiais é no Drogão Super!
O creme dental colgate total 12 advanced fresh, possui formula exclusiva com triclosan e copolímero que proporciona dupla proteção: antibacteriana e previne contra a inflamação da gengiva.
Um creme dental completo que ajuda a fortalecer o esmalte dental; previne contra a cárie, formação de placa, tártaro e gengivite; e combate o mau hálito.
O Creme dental colgate total 12 advanced fresh, ajuda a melhorar sua saúde bucal oferecendo até 12 horas de proteção antibacteriana e hálito fresco.",Colgate-Palmolive
DESODORANTE ANTITRANSPIRANTE AEROSOL DOVE INVISIBLE DRY 100G,cod. do produto: 32103,"R$ 12,84","R$ 17,90",28%,"Testes comprovam que o desodorante aerossol dove invisible dry é invisível não só no preto e no branco, como também em 100 cores de roupas.
Garante conforto e proteção para você e sua roupa.
O desodorante aerossol dove invisible dry foi desenvolvido especialmente para proporcionar 24 horas de proteção sem irritar a pele ou manchar suas roupas.",Unilever
SUPLEMENTO ALIMENTAR PEDIASURE CHOCOLATE COM 850G,cod. do produto: 54694,"R$ 124,74","R$ 139,55",11%,Pediasure é um suplemento nutricional infantil que fornece os nutrientes que a criança precisa.,
SABONETE EM BARRA PERFUMADO BIOCREMA 90G LEITE,cod. do produto: 52845,"R$ 2,93","R$ 3,50",16%,*,MEMPHIS
MASCARA RESPIRATORIA N95 BRANCA 1UNIDADE,cod. do produto: 1011752,"R$ 5,10","R$ 6,30",19%,MASCARA RESPIRATORIA N95 BRANCA 1UNIDADE,Medi Company
"PROTETOR LABIAL NIVEA LIP CARE FRUIT 4,8G",cod. do produto: 32449,"R$ 15,51","R$ 20,80",25%,"PROTETOR LABIAL NIVEA LIP CARE FRUIT 4,8G em condições especiais é no Drogão Super!
A linha fruit e shine da nivea contém óleo de amêndoas, de jojoba e manteiga de karité.
O protetor labial fruit e shine protege e hidrata os lábios, deixando-os com um toque avermelhado.
O Protetor labial fruit e shine da nivea possui fórmula rica em extrato de frutas e pigmentos brilhantes.
Além disso, ele possui fps 15.",
DESODORANTE AEROSOL REXONA MEN INVISIBLE 90G,cod. do produto: 33557,"R$ 10,20","R$ 15,90",36%,"O desodorante aerossol rexona men invisible, conta com microcápsulas inteligentes motionsense, que forma uma camada protetora na axila e ao longo do dia com o atrito na região aplicada as cápsulas se rompem proporcionando maior proteção.
O Desodorante aerossol rexona men invisible oferece proteção contra o suor, sem deixar resíduos nas roupas.
Garante conforto e proteção seca por até 48 horas.
Quanto mais você se movimenta, mais ele te protege.",Unilever
DESODORANTE AEROSOL REXONA MEN V8 90G,cod. do produto: 30461,"R$ 10,20","R$ 15,90",36%,"O desodorante aerosol rexona men v8, conta com microcápsulas inteligentes motionsense, que forma uma camada protetora na axila e ao longo do dia com o atrito na região aplicada as cápsulas se rompem proporcionando maior proteção.
Quanto mais você se movimenta, mais ele te protege.
O Desodorante aerosol rexona men v8 possui fragrância amadeirada e notas verdes, ideal para quem curte alta velocidade.
Garante conforto e proteção seca por até 48 horas.",Unilever
FITA DENTAL JOHNSON & JOHNSON EXPANSION  50M,cod. do produto: 4498,"R$ 12,35","R$ 14,90",17%,"FITA DENTAL JOHNSON & JOHNSON EXPANSION 50M em condições especiais é no Drogão Super!
Reach® expansion plus possui tecnologia expansion plus™, que promove a expansão da fita ao entrar em contato com a superfície do dentes removendo até 40%* a mais da placa bacteriana.
A fita dental é mais flexível e proporciona maciez na gengiva.
Possui agradável sabor de menta.",
FINI BALA BEIJO MORANGO 100G,cod. do produto: 52054,"R$ 5,65","R$ 7,30",23%,*,Fini
SUPLEMENTO ALIMENTAR PEDIASURE BAUNILHA COM 850G,cod. do produto: 54695,"R$ 124,74","R$ 139,55",11%,Pediasure é um suplemento nutricional infantil que fornece os nutrientes que a criança precisa.,
CREME DENTAL COLGATE LUMINOUS WHITE CARVÃO ATIVADO,cod. do produto: 52860,"R$ 6,88","R$ 8,20",16%,Creme dental anticáries com flúor Colgate Luminous White com carvão ativado para um sorriso mais deslumbrante.,Colgate-Palmolive
CARGA GILLETTE MACH3 2 UNIDADES,cod. do produto: 4502,"R$ 23,35","R$ 27,80",16%,"Carga para Aparelho de Barbear Gillette Mach3 Turbo combina várias tecnologias patenteadas para criar um sistema de barbear rente e confortável. Possui 3 lâminas corte-diamante, alinhadas paralelamente e montadas sobre molas independentes em uma base móvel, proporcionando um barbear mais confortável inclusive no sentido contrário do crescimento da barba. Um cartucho de estrutura aberta com 10 microtensores complementam a tecnologia de Mach3 Turbo. A fita lubrificante indicator contém ingredientes extras para um maior cuidado da sua pele. Conforto e um melhor deslizamento das lâminas para um barbear mais rente.",P&G
SHAMPOO CLEAR MEN LIMPEZA DIÁRIA 2 EM 1 ANTICASPA 200ML,cod. do produto: 39511,"R$ 11,72","R$ 15,90",26%,"SHAMPOO CLEAR MEN LIMPEZA DIÁRIA 2 EM 1 ANTICASPA 200ML em condições especiais é no Drogão Super!
O shampoo anticaspa clear men limpeza diária 2 em 1 foi criado especialmente para os homens.
Clear desenvolveu uma tecnologia inovadora que ajuda a ativar a camada de proteção natural do couro cabeludo, evitando que as caspas voltem, sem escamas visíveis com o uso regular.
modo de usar:
aplique no cabelo molhado massageie o couro cabeludo e enxágue.
Para obter melhores resultados, use diariamente.
o shampoo anticaspa clear men limpeza diária 2 em 1 entrega limpeza e cuidado para um couro cabeludo saudável e um cabelo macio.
sua fórmula contém bio nutrium 10, uma rica mistura de ingredientes nutritivos e extrato botânicos, que ativa a camada de proteção natural do couro cabeludo, deixando você livre das caspas.",Unilever
LUBRIFICANTE ÍNTIMO K-MED ORIGINAL 100G,cod. do produto: 1002821,"R$ 10,43","R$ 16,70",38%,"Gel Lubrificante K-Med também é indicado para lubrificação em casos de secura vaginal decorrente dos estados de menopausa. Contraindicações de K Med: Hipersensibilidade aos componentes da fórmula. Aplicar K Med diretamente no órgão genital masculino ou preservativo e na superfície da região vaginal, em quantidade suficiente para o conforto do ato.",
DESODORANTE ROLL ON REXONA SEM PERFUME 50ML,cod. do produto: 4098,"R$ 8,19","R$ 9,99",18%,"DESODORANTE ROLL ON REXONA SEM PERFUME 50ML em condições especiais é no Drogão Super!
Rexona sem perfume é um produto destinado a consumidoras que desejam um produto puro mas não abrem mão da proteção de rexona.
A sua fórmula foi desenvolvida com a mesma quantidade de ativo que os outros antitranspirantes de rexona, o que garante ao produto a mesma eficácia das outras variantes da marca.
Hipoalergênico, indicado para as consumidoras que sofrem com alergias e irritações na pele das axilas.",Unilever
ESPONJA DE BANHO RICCA GRANDE 300,cod. do produto: 46552,"R$ 10,85","R$ 13,00",17%,"Esponja de polietileno. Massageia o corpo e proporciona maior rendimento do sabonete líquido. Ativa a circulação e remove as células mortas, deixando a pele mais macia.",Ricca
ÁLCOOL EM GEL GIOVANNA BABY ROSA PUMP 500ML,cod. do produto: 1011762,"R$ 19,18","R$ 22,90",16%,"É ideal para higienizar as mãos, sua fórmula conta com esferas hidratantes e exclusivo perfume.",Giovanna Baby
ÁGUA BORICADA ADV 3% 100ML,cod. do produto: 57986,"R$ 3,69","R$ 4,20",12%,"ÁGUA BORICADA ADV 3% 100ML em condições especiais é no Drogão Super!
Antisséptico, bactericida e fungicida.",
SABONETE PHEBO ALFAZEMA BASE VEGETAL MANTEIGA DE MURUMURU 100G,cod. do produto: 50204,"R$ 4,67","R$ 5,60",17%,"Sabonete em Barra Alfazema Provençal Phebo é um sabonete cremoso com base vegetal enriquecido com manteiga de Murumuru, que hidrata e nutre a pele.",
DESODORANTE ANTITRANSPIRANTE AEROSOL REXONA CLINICAL SEM PERFUME,cod. do produto: 52410,"R$ 11,12","R$ 15,90",30%,"Rexona Clinical possui a inovadora fórmula termo-ativa e conta com a exclusiva tecnologia TRIsolid, que se adapta ao organismo, ajudando a prevenir a transpiração e o mau odor para pessoas que precisam de máxima proteção.",Unilever
DESODORANTE ROLL ON REXONA MEN V8 50ML,cod. do produto: 30465,"R$ 8,19","R$ 9,99",18%,"DESODORANTE ROLL ON REXONA MEN V8 50ML em condições especiais é no Drogão Super!
Indicado para homens apaixonados por velocidade, combina notas fougère, verdes e amadeiradas.
Com rexona men v8, você acelera sem transpirar.
Proteção por até 48h.",Unilever
ÁGUA OXIGENADA CREMOSA ADV 30 VOLUMES 100ML,cod. do produto: 57991,"R$ 3,41","R$ 4,10",17%,"ÁGUA OXIGENADA CREMOSA ADV 30 VOLUMES 100ML em condições especiais é no Drogão Super!
Água oxigenada cremosa adv foi desenvolvida especialmente pela tayuyna para descoloração dos fios capilares e também ajuda na oxidação nos processos de coloração.",
SABONETE PHEBO LIMÃO SISCILIANO 100G,cod. do produto: 50203,"R$ 4,67","R$ 5,60",17%,"Sabonete cremoso inspirado nas colinas da Sicília. Sua fragrância cítrica transmite o frescor das tardes no Mediterrâneo. A presença de manteiga de murumuru em sua fórmula, nutre e hidrata a pele.Sem corante/100% vegetal.",
LAVITAN MACA PERUANA VIRON 60 CÁPSULAS,cod. do produto: 1013479,"R$ 25,85","R$ 36,20",29%,"Lavitan Maca Peruana Viron é um suplemento alimentar com base em Maca Peruana, Guaraná, Açaí, Vitaminas do Complexo B, Vitaminas C, E, Zinco e Magnésio. Para uma vida mais ativa.",Lavitan
TALCO TENYS PÉ BARUEL PÓ CANFORADO 100G,cod. do produto: 4290,"R$ 11,09","R$ 13,20",16%,"Talco Tenys Pé Baruel Pó Canforado é antiséptico e desodorante, mantém os pés frescos e elimina odores da transpiração.Talco Tenys Pé Baruel Pó CanforadoTenys Pé Baruel foi criado para manter todos os tipos de pés secos, frescos e perfumados o dia todo. Do executivo ao atleta, cada um no seu movimento, mas com muita proteção. Foi especialmente desenvolvido para eliminar os odores, normalizando a transpiração dos pés. Sua fórmula exclusiva contém elementos que agem eficazmente, através de sua ação desodorante, refrescante e antisséptica, proporcionando uma agradável sensação.",Baruel
SUPLEMENTO NUTRICIONAL ENSURE BAUNILHA 400G,cod. do produto: 38281,"R$ 95,90","R$ 96,74",1%,"Suplemento Nutricional Ensure em Pó Abbott Sabor Baunilha 400g pode ser utilizado para a manutenção e recuperação da saúde, pois contém calorias e nutrientes necessários para a alimentação balanceada.
Suplemento Nutricional Ensure Pó, quando misturado a água, se transforma numa bebida capaz de fornecer uma nutrição completa e balanceada capaz de substituir uma refeição ou simplesmente servir como um suplemento alimentar.
A formulação em pó é prática e pode ser incorporada a diversas preparações, de forma que as necessidades nutricionais diárias possam ser atendidas.
SUPLEMENTO NUTRICIONAL ENSURE BAUNILHA 400G em promoção parcelado sem juros é no Drogão Super!",
PRESERVATIVOS LUBRIFICADOS OLLA LEVE 8 PAGUE 6,cod. do produto: 24073,"R$ 9,99","R$ 12,30",19%,PRESERVATIVOS LUBRIFICADOS OLLA LEVE 8 PAGUE 6 em condições especiais é no Drogão Super!,
SUPLEMENTO ALIMENTAR NESTLÉ NUTREN SENIOR SABOR CAFÉ COM LEITE 740G,cod. do produto: 53681,"R$ 149,64","R$ 179,50",17%,Nutren Senior sabor Café com Leite é um suplemento nutricional para pessoas acima dos 50 anos aproveitarem a melhor fase da vida com saúde e disposição. ALÉRGICOS: CONTÉM DERIVADOS DE LEITE E SOJA. NÃO CONTÉM GLÚTEN.,
DESODORANTE AEROSOL ANTITRANSPIRANTE REXONA CLINICAL CLASSIC FEMININO COM 55ML,cod. do produto: 54858,"R$ 4,99","R$ 6,50",23%,O Rexona Clinical Classic protege três vezes mais que um antitranspirante comum.,Rexona
APARELHO DE BARBEAR GILLETTE PRESTOBARBA 3 MASCULINO 2 UNIDADES,cod. do produto: 31635,"R$ 16,23","R$ 19,40",16%,"APARELHO DE BARBEAR GILLETTE PRESTOBARBA 3 MASCULINO 2 UNIDADES em condições especiais é no Drogão Super!
O barbeador descartável prestobarba3 possui 3 lâminas independentes que liberam mais lubrificantes, proporcionando um barbear mais seguro, com menos cortes.
A cabeça autoajustável foi desenvolvida para acompanhar todos os contornos do rosto, garantindo menos irritação e mais maciez.
O Barbeador descartável prestobarba3 em embalagem econômica garante o melhor barbear, pois você terá lâminas novas sempre à mão.",P&G
SABONETE PROTEX AVEIA 85 GR L6P5,cod. do produto: 51891,"R$ 17,65","R$ 21,00",16%,"O Sabonete em Barra Protex Aveia 85gelimina 99,9% das bactérias e possui uma fórmula com ph balanceado para limpar e remover as impurezas da pele de maneira eficiente e apropriada. Além de deixar sua pele saudável e protegida prevenindo a proliferação de bactérias, Protex oferece os benefícios naturais da aveia, ingrediente natural que garante a remoção de resíduos que se acumulam nos poros, esfoliando, hidratando e nutrindo a pele.",Colgate-Palmolive
CREME DENTAL SENSODYNE RÁPIDO ALÍVIO COM FLÚOR 90G,cod. do produto: 47087,"R$ 15,49","R$ 17,70",12%,"Sensodyne® Rápido Alívio é um creme dental de uso diário que promove o alívio rápido* e duradouro** da sensibilidade nos dentes. Para um alívio rápido*, massageie a base do dente sensível com uma pequena quantidade do creme dental por 60 segundos. Para um alívio duradouro**, escove os dentes com Sensodyne® Rápido Alívio, pelo menos, duas vezes ao dia.",
FINI CHICLETE KLÉTS ZERO AÇÚCAR SABOR TUTTI-FRUTTI 30G,cod. do produto: 52359,"R$ 8,48","R$ 11,00",23%,*,Fini
SABONETE BARRA PHEBO AMAZONIAN 90G,cod. do produto: 3983,"R$ 4,22","R$ 5,00",16%,"SABONETE BARRA PHEBO AMAZONIAN 90G em condições especiais é no Drogão Super!
Não contém ingredientes de origem animal.",
FINI TUBES MORANGO 80G,cod. do produto: 52053,"R$ 5,65","R$ 7,30",23%,*,Fini
CREME DENTAL SENSODYNE BRANQUEADOR TRUE WHITE 100G,cod. do produto: 46478,"R$ 18,79","R$ 21,60",13%,"Enquanto a maioria dos cremes dentais branqueadores de uso diário são altamente abrasivos, creme dental sensodyne true white tem um índice de baixíssima abrasividade e uma fórmula tão suave à dentina quanto uma escovação com água.
O creme dental sensodyne true white é a revolução em branqueamento para dentes sensíveis.
Sensodyne true white ajuda a branquear os dentes removendo as manchas e prevenindo a formação de novas manchas.
Este é um creme de branqueamento especializado para pessoas com dentes sensíveis.",
ÁLCOOL EM GEL GIOVANNA BABY AZUL PUMP 500ML,cod. do produto: 1011772,"R$ 19,18","R$ 22,90",16%,"O Álcool em Gel Giovanna Baby Blue higieniza enquanto hidrata as mãos. As cápsulas hidratantes presentes em sua fórmula permitem que as mãos não ressequem, mas que também não fiquem com aspecto pegajoso que tanto incomoda em alguns álcool em gel. Além de eliminar 99,9% das bactérias, o gel higienizante possui um perfume agradável.",Giovanna Baby
SABONETE LÍQUIDO PROTEX LIMPEZA PROFUNDA 250ML,cod. do produto: 41408,"R$ 13,43","R$ 15,00",10%,"SABONETE LÍQUIDO PROTEX LIMPEZA PROFUNDA 250ML em condições especiais é no Drogão Super!
O sabonete líquido protex limpeza profunda elimina até 99,9% das bactérias de sua pele, criando uma camada protetora que auxilia na prevenção da proliferação de bactérias na pele.
Proporciona agradável sensação hidratante que garante uma pela protegida e saudável.
O Sabonete líquido protex limpeza profunda possui ação antibacteriana prolongada.
Sua fórmula ajuda a remover a oleosidade do rosto e do corpo sem ressecar a pele.",Colgate-Palmolive
SABONETE MEDITERRÂNEO PHEBO NECTARINA 100G,cod. do produto: 50206,"R$ 4,67","R$ 5,60",17%,"O Sabonete Mediterrâneo Phebo Nectarina limpa a sua pele sem ressecar e a deixa perfumada por muito mais tempo. Sua fórmula cremosa de base 100% vegetal é enriquecida com Murumuru, ingrediente que hidrata e nutre a sua pele.",
Termômetro Digital G Tech Branco,cod. do produto: 1009961,"R$ 20,63","R$ 23,60",13%,"O termômetro clínico digital G-Tech, é resistente à água, possui display LCD de fácil visualização, aviso sonoro de medição e alarme de febre.",Accumed
SHAMPOO DOVE HIDRATAÇÃO INTENSA OXIGÊNIO 400ml,cod. do produto: 49623,"R$ 14,71","R$ 19,93",26%,"O Shampoo Dove Hidratação Intensa Oxigênio limpa e nutre profundamente o cabelo, sem pesar os fios, deixando-o macio, com corpo e movimento. Indicado para cabelos enfraquecidos.",Unilever
ESCOVA DENTAL COLGATE SLIM SOFT BLACK LEVE 2 PAGUE 1,cod. do produto: 44520,"R$ 15,94","R$ 19,00",16%,"A escova dental slim soft black promove uma limpeza mais profunda graças às cerdas macias e ultra-finas que atingem até as áreas mais difíceis entre os dentes e a gengiva.
Com cabo emborrachado proporciona melhor conforto no momento da escovação.
A escova dental slim soft black colgate conta com cerdas 17 vezes mais finas que proporcionam limpeza 6 vezes mais profunda, comparadas as escovas com cerdas arredondadas comuns.",Colgate-Palmolive
FINI BALA DENTADURA 100G,cod. do produto: 52055,"R$ 5,65","R$ 7,30",23%,*,Fini
SABONETE LÍQUIDO FACIAL GARNIER SKINACTIVE UNIFORM&MATTE VITAMINA C 120 g,cod. do produto: 52882,"R$ 27,26","R$ 32,60",16%,"Enriquecido com ingredientes naturais e Vitamina C, o sabonete líquido facial Uniform & Matte limpa profundamente, removendo impurezas, oleosidade e maquiagem, sem agredir a pele. De textura leve e cremosa, ele limpa ao mesmo tempo que hidrata e reduz imperfeições.",
ESCOVA DE DENTE ORAL-B 123 LIMPEZA BRILHANTE MÉDIA 3 UNIDADES,cod. do produto: 50216,"R$ 9,73","R$ 11,60",16%,A escova Dental Oral-B 123 promove uma higienização bucal de qualidade removendo resíduos e bactérias causadoras do mau hálito. Agora cuidar dos dentes de sua família é tão fácil quanto contar de 1 até 3.,P&G
ESCOVA DENTAL SENSODYNE MULTI PROTEÇÃO PARA DENTES SENSÍVEIS,cod. do produto: 46417,"R$ 11,89","R$ 13,30",11%,"Suas cerdas arredondadas limpam sem irritar a gengiva. Seu formato arredondado é compatível com a gengiva e permite o alcance das áreas de mais dfícil acesso, garantindo uma limpeza completa.",Sensodyne
Shampoo Elseve Longo dos Sonhos 200 ml,cod. do produto: 51989,"R$ 11,27","R$ 14,70",23%,"Você sonha em ter um cabelo longo, bonito e saudável, mas a gente sabe que no dia a dia o comprimento se danifica, pontas duplas aparecem e você acaba cortando dos cabelos. O Novo ELSEVE LONGO DOS SONHOS repara os fios e sela as pontas, para que você diga adeus ao comprimento danificado, salvando os últimos centímetros para evitar o corte. VOCÊ PODE TER UM CABELO DO TAMANHO DOS SEUS SONHOS.",
SUPLEMENTO ALIMENTAR NUTREN SENIOR BAUNILHA 740G,cod. do produto: 53680,"R$ 149,64","R$ 179,50",17%,Nutren Senior sabor Baunilha é um suplemento nutricional para pessoas acima dos 50 anos aproveitarem a melhor fase da vida com saúde e disposição. ALÉRGICOS: CONTÉM DERIVADOS DE LEITE E SOJA. NÃO CONTÉM GLÚTEN.,
FIXADOR DE DENTADURA COREGA SEM SABOR 68G,cod. do produto: 40122,"R$ 71,38","R$ 81,90",13%,"O fixador de dentadura corega é um creme desenvolvido para fixar com segurança e eficiência a dentadura de modo que seus usuários fiquem despreocupados por até 12 horas.
Sela sua prótese e ajuda a bloquear a entrada de alimentos entre a dentadura e gengiva, evitando assim o mau hálito e o desenvolvimento de bactérias.
Possui sabor natural, que não interfere no gosto dos alimentos.
O Fixador de dentadura corega, proporciona conforto e segurança para o usuário de dentadura na hora de sorrir, falar ou comer.
Fixa o dia todo e impede a entrada de alimento entre a dentadura e a gengiva.",
DESODORANTE AEROSOL ANTITRANSPIRANTE REXONA CLINICAL SPORT,cod. do produto: 52409,"R$ 11,12","R$ 15,90",30%,O Desodorante Antitranspirante Rexona Clinical Sport protege 3x mais contra a transpiração excessiva que um antitranspirante comum.,Unilever
DESODORANTE ANTITRANSPIRANTE AEROSOL DOVE BEAUTY FINISH 100G,cod. do produto: 38754,"R$ 12,84","R$ 17,90",28%,"O desodorante aerossol dove beauty finish possui vitamina e, oferece cuidados para as axilas e auxilia na recuperação da pele após a depilação.
Com ¼ de creme hidratante recupera suas axilas, deixando-as visivelmente mais hidratada.
O Desodorante aerossol dove beauty finish conta com minerais em sua fórmula que deixam suas axilas mais bonitas e cuidadas, protegendo-as por até 48 horas.",Unilever
DESODORANTE AEROSOL REXONA COTTON 90G,cod. do produto: 48075,"R$ 10,20","R$ 15,90",36%,"O Desodorante Antitranspirante Aerosol Rexona Cotton proporciona 48 horas de proteção contra a transpiração e o mau odor, deixando você confiante do primeiro ao último passo.
Sua fragrncia com notas verdes e florais oferece proteção suave e confortável para que você se sinta seca e protegida por mais tempo.
Com a exclusiva tecnologia MotionSense: proteção para te manter em movimento.",Unilever
DESODORANTE ROLL ON DOVE INVISIBLE DRY FEMININO 50ML,cod. do produto: 32102,"R$ 9,46","R$ 10,90",13%,"DESODORANTE ROLL ON DOVE INVISIBLE DRY FEMININO 50ML em condições especiais é no Drogão Super!
O desodorante dove invisible dry feminino roll on 50ml proporciona o cuidado ideal para todos os tipos de pele.
Para que até a pele da sua axila tenha cuidados especiais, dove não mancha suas roupas e permite ser usado em diferentes cores e tecidos, tudo para que sua axila fique ainda mais bem cuidada.
Com ¼ de creme hidratante o desodorante promete uma hidratação intensa, permitindo um dia a dia livre de odores e de transpiração excessiva.
Dove é uma marca especialista nos cuidados com a saúde e beleza da mulher, descubra diferentes produtos que podem ajudar e facilitar seus momentos de cuidado.",Unilever
ABSORVENTE INTIMUS NOTURNO SUAVE COM ABAS,cod. do produto: 52797,"R$ 12,44","R$ 14,80",16%,"O que é: O Absorvente Intimus Gel Noturno Suave com Abas é um produto de higiene íntima externo utilizado durante a menstruação. A sua função é absorver o sangue eliminado pela menstruação, evitando que este manche as roupas e assim cause constrangimentos.",Kimberly-Clark
ENXAGUANTE BUCAL COLGATE PLAX FRESH MINT 500ML + 250ml,cod. do produto: 41144,"R$ 26,68","R$ 32,00",17%,"O Enxaguante Bucal Colgate Plax Fresh Mint possui fórmula exclusiva sem álcool, com triclosan e flúor que reduz até 99% dos germes, além de combater por até 12 horas as bactérias causadoras da placa, cáries, tártaro e mau hálito.",
VITAMINA C REDOXON 500MG 30 COMPRIMIDOS,cod. do produto: 54596,"R$ 19,08","R$ 25,50",25%,"Redoxon possui em sua formulação, o ácido ascórbico, uma vitamina hidrossolúvel fundamental ao ser humano. Como o organismo não absorve a vitamina C e possui baixa capacidade de armazená-la, é importante a ingestão de complexos vitamínicos como o Redoxon.",
FINI BALA AMORA 100G,cod. do produto: 52059,"R$ 5,65","R$ 7,30",23%,*,Fini
CREME DENTAL SENSODYNE REPAIR E PROTECT WHITENING 100G,cod. do produto: 43409,"R$ 18,79","R$ 21,60",13%,"O creme dental repair & protect whitening, da sensodyne, conta com a exclusiva tecnologia novamin que tem alta concentração de cálcio e elementos naturais de formação dos dentes.
O produto é ativado ao entrar em contato com a saliva, auxiliando na reparação de áreas mais frágeis nos dentes.
Ação branqueadora com escovação diária, duas vezes ao dia.
O creme dental repair & protect whitening, da sensodyne, forma uma camada protetora, que se renova a cada escovação, protegendo do desconforto causado pela sensibilidade.",
PILHA DURACELL AA PEQUENA 2 UNIDADES,cod. do produto: 5557,"R$ 16,40","R$ 20,20",19%,"Duracell é líder mundial na fabricação de pilhas alcalinas de alta performance.
A tradição de inovação começou com ruben e mallory e ainda é evidente nas pilhas duracell.
A duracell acredita que não há limite para o potencial de crescimento de energia portátil.
Como companhia nós sempre nos esforçaremos para encontrar meios mais eficientes e inovadores, facilitando a sua vida no futuro.",P&G
DESODORANTE ANTITRANSPIRANTE AEROSOL DOVE FRESH PEPINO & CHÁ VERDE,cod. do produto: 33291,"R$ 12,84","R$ 17,90",28%,"O desodorante aerossol dove go fresh pepino & chá verde possui vitamina e, oferece cuidado para as axilas e auxilia na recuperação da pele após a depilação.
Com ¼ de creme hidratante recupera suas axilas em até 3 dias, deixando-as visivelmente mais hidratada.
O Desodorante aerossol dove go fresh pepino & chá verde proporciona agradável sensação de frescor nas axilas, protegendo-as por até 48 horas.",Unilever
ALGODÃO APOLO MULTIUSO ZIP LOCK 50G,cod. do produto: 28921,"R$ 5,08","R$ 6,20",18%,"O algodão apolo multi uso é ideal para higienização e assepsia da pele, remoção de maquiagem, esmalte, higiene do bebê e aplicabilidades domésticas. O Algodão apolo multiuso possui fibras naturais, 100% puro algodão hidrófilo, que asseguram higiene, maciez e alto poder de absorção de líquidos aquosos e gordurosos.",Apolo
SABONETE LÍQUIDO LUX BOTANICALS LAVANDA REFIL,cod. do produto: 50885,"R$ 4,84","R$ 5,80",17%,"Sabonete Líquido Lux Botanicals Lavanda Refil apresenta espuma cremosa e delicada fragrância, proporcionando à pele um toque macio e aveludado.",Unilever
REPELENTE REPELEX SPRAY FAMILY CARE 100ML,cod. do produto: 49376,"R$ 7,90","R$ 10,20",23%,"O Repelente Repelex é ideal para o uso de toda a família, pois sua fórmula com DEET é segura para crianças a partir dos 2 anos de idade. Promove proteção por até 4 horas contra os mosquitos e pernilongos transmissores de doenças. Seu princípio ativo, DEET, é altamente eficaz contra o Aedes aegypti, mosquito transmissor da Dengue, Zika e Febre Chikungunya. Sua fórmula leve é de fácil aplicação e rápida absorção, ideal para atividades de lazer ao ar livre. Proporciona refrescância e toque não oleoso. Possui fragrância suave e agradável.",
PROTETOR SOLAR NEUTROGENA SUN FRESH FPS 70 200ML,cod. do produto: 44969,"R$ 77,91","R$ 121,99",36%,"PROTETOR SOLAR NEUTROGENA SUN FRESH FPS 70 200ML em condições especiais é no Drogão Super!
O protetor solar neutrogena sun fresh é uma loção não oleosa que é rapidamente absorvida, deixando a pele protegida e seca.
Também conta com a tecnologia helioplex para garantir maior proteção contra os raios uva e uvb.
o neutrogena sun fresh é um protetor solar que protege a pele contra os efeitos nocivos do sol.
Máxima proteção mesmo quando a pele está molhada.",
SUPLEMENTO ALIMENTAR LACTOSIL FLORA 30 CÁPSULAS,cod. do produto: 53824,"R$ 53,92","R$ 60,40",11%,Lactosil Flora é um suplemento alimentar de Lactobacillus Acidophilus NCFN e Lactase.,
LOÇÃO PÓS SOL CALAMED 100ML,cod. do produto: 32018,"R$ 10,13","R$ 22,70",55%,"LOÇÃO PÓS SOL CALAMED 100ML em promoção parcelado sem juros é no Drogão Super!
O Pós Sol Calamed é indicado para cuidar da pele em casos de picadas de insetos, irritação causada por plantas e depois de ficar muito tempo exposto ao sol.",
CORTADOR DE UNHA UNHEX DISCO 1 UNIDADE MERHEJE,cod. do produto: 35552,"R$ 3,53","R$ 4,20",16%,"O cortador de unha merheje unhex disco é ideal para aparar o comprimento das unhas dos pés.
Possui design arrojado em aço cromado, com tamanho adequado para facilitar o manuseio.
Conta com uma lima que ajuda no polimento das unhas na finalização do corte.",Merheje
ESCOVA DE DENTE COLGATE CLASSIC CLEAN 1 UNIDADE,cod. do produto: 49893,"R$ 4,51","R$ 5,40",16%,"A Escova Dental Colgate Classic Clean possui cerdas em formato ""V"" com profundo alcance, para uma melhor limpeza entre os dentes.",Colgate-Palmolive
DESODORANTE AEROSOL REXONA SEM PERFUME 150ML,cod. do produto: 48081,"R$ 10,20","R$ 15,90",36%,"O Desodorante Antitranspirante Aerosol Rexona sem Perfume proporciona 48 horas de proteção contra a transpiração e o mau odor, deixando você confiante do primeiro ao último passo. Com a exclusiva tecnologia MotionSense: proteção para te manter em movimento.",
Sabonete Líquido Granado Tradicional Glicerina300ml,cod. do produto: 51201,"R$ 20,16","R$ 24,10",16%,"O Sabonete Granado Líquido Tradicional é um sabonete formulado com glicerina vegetal e pH da pele, deixa a pele macia e perfumada. Fórmula biodegradável. Livre de parabenos e ingredientes de origem animal. Nova embalagem Refil com 300ml.",
CREME DENTAL SENSODYNE ORIGINAL 90G,cod. do produto: 33926,"R$ 13,85","R$ 15,80",12%,"CREME DENTAL SENSODYNE ORIGINAL 90G em condições especiais é no Drogão Super!
O creme dental sensodyne original possui fórmula com a base de cloreto de estrônico que promove o alívio da dor nos dentes sensíveis.
Não contém flúor.
O creme dental sensodyne original foi desenvolvido para dentes sensíveis.
É ideal para ser utilizado diariamente.",
PROTETOR SOLAR NIVEA SUN PROTECT & HIDRATA FPS 70 200ML,cod. do produto: 47855,"R$ 67,47","R$ 90,50",25%,Protetor Solar Nivea Sun Protect & Hidrata FPS 70 oferece proteção que previne o envelhecimento da pele e manchas ocasionadas pelo sol. Sua rápida absorção também hidrata profundamente a pele prevenindo rugas e é resistente à água. Não oferece proteção contra insolação,
COMPLEMENTO ALIMENTAR NUTREN SENIOR CHOCOLATE 740G,cod. do produto: 53682,"R$ 149,64","R$ 179,50",17%,O Nestlé Nutren Senior sabor Chocolate é um suplemento nutricional para pessoas acima dos 50 anos aproveitarem a melhor fase da vida com saúde e disposição. Não contém Glúten.,
GEL LUBRIFICANTE K-MED 2 EM 1,cod. do produto: 1002851,"R$ 25,38","R$ 38,20",34%,"A linha de lubrificantes íntimos K-Med é indicada para quem busca maior conforto durante a relação sexual. Seu uso também é ideal para mulheres que apresentam secura vaginal ou baixa lubrificação. Desenvolvidos à base de água, não causam irritação, além de não interferirem na segurança do preservativo. Sua fórmula é solúvel em água e não gordurosa, aproximando-se do aspecto natural de lubrificação. Além da ação lubrificante, K-med 2 em 1 atua como gel de massagem. Conta ainda com vitamina E, que confere hidratação e toque suave à pele.",
SABONETE LÍQUIDO LUX BUQUÊ DE JASMIM - REFIL COM 200ML,cod. do produto: 50882,"R$ 4,84","R$ 5,80",17%,"O Sabonete Líquido Lux Botanicals Buquê de Jasmim é formulado com fragrâncias e ingredientes inspirados na natureza. Possui óleos hidraflorais e glicerina. Sem parabenos. A linha de sabonetes líquidos de Lux apresenta um pH adequado à sua pele, promovendo uma limpeza eficaz e cuidado com a sua pele.",Unilever
LYSOFORM AEROSOL LAVANDA 360 ml,cod. do produto: 53238,"R$ 20,51","R$ 25,30",19%,"Bactericida, fungicida e desodorizador; Mata 99,9% dos germes, fungos e bactérias; Desinfetante para uso geral",Ceras Johnson
PROTETOR SOLAR NEUTROGENA SUN FRESH FPS 50 200ML,cod. do produto: 44971,"R$ 61,20","R$ 96,00",36%,"PROTETOR SOLAR NEUTROGENA SUN FRESH FPS 50 200ML em condições especiais é no Drogão Super!
O protetor solar neutrogena sun fresh é uma loção não oleosa que é rapidamente absorvida, deixando a pele protegida e seca.
Também conta com a tecnologia helioplex para garantir maior proteção contra os raios uva e uvb.
o neutrogena sun fresh é um protetor solar que protege a pele contra os efeitos nocivos do sol.
Máxima proteção mesmo quando a pele está molhada.",
CREME DENTAL ORAL B 3D WHITE PERFECTION 102G,cod. do produto: 47814,"R$ 14,54","R$ 17,40",16%,"Creme Dental 3D White Perfection possui a tecnologia de branqueamento mais avançada de Oral-B, para alcançar os resultados que você deseja. Remove até 100% das manchas em apenas 3 dias.",P&G
ESCOVA DENTAL ADULTO CURAPROX CS 5460 ULTRA SOFT SENSITIVE DUO FLOWERS MACIA 2 UNIDADES CORES SORTIDAS,cod. do produto: 42465,"R$ 67,28","R$ 80,30",16%,"A escova dental adulto duo brasil ultra macia, da curaprox, conta com 5460 filamentos ultrasoft, que possui ação seletiva sobre a placa bacteriana sem agredir a gengiva. Suas cerdas são compostas por curen, que mesmo molhados mantém a sua superior firmeza original. Isso possibilita escovação profunda com mais maciez. A escova dental adulto duo brasil ultra macia, foi especialmente desenvolvida para proporcionar uma higiene bucal completa e atraumática. Nesta embalagem contém 2 unidades temáticas (edição especial).",Curaprox
DESODORANTE ROLL ON DOVE MEN CARE CUIDADO TOTAL 50ML,cod. do produto: 35804,"R$ 9,46","R$ 10,90",13%,"DESODORANTE ROLL ON DOVE MEN CARE CUIDADO TOTAL 50ML em condições especiais é no Drogão Super!
Dove men care clean comfort roll on foi desenvolvido especialmente para homens que fazem questão de proteção sem irritar a pele.
Sua fórmula combina uma fragrância amadeirada, com 48 de proteção contra o suor, e o cuidado de dove.
Potente contra o suor, não irrita a sua pele",Unilever
COMPRESSA GAZE APOLO ESTERIL 10 UNIDADES,cod. do produto: 50952,"R$ 2,46","R$ 3,00",18%,Indicadas para absorção de sangue e exudatos; limpeza e cobertura de curativos em geral e anti-sepsia de pele e/ou mucosas para procedimentos invasivos.,Apolo
FIO DENTAL ORAL-B FLOSS MENTA 50M,cod. do produto: 17267,"R$ 15,41","R$ 18,40",16%,"A marca oral-b é famosa entre os dentistas por sua qualidade nos produtos que tratam a saúde bucal promovendo qualidade e cuidado a cada dia.
O fio dental oral-b pro-saúde possui uma textura macia, seu formato, tipo fita, desliza facilmente entre os dentes.
Com uma tecnologia ptfe o fio passa a ser mais resistente ao desgaste.
Ajuda a prevenir a gengivite, através da remoção da placa na gengiva.
Proporciona, ainda, uma sensação de frescor entre os dentes.",P&G
SHAMPOO ANTICASPA CLEAR SPORTS MEN LIMPEZA PROFUNDA,cod. do produto: 41068,"R$ 18,49","R$ 22,69",19%,"O que é: O Shampoo Anticaspa Clear Men Limpeza quando usado com regularidade, ativa a camada de proteção natural do couro cabeludo contra caspa.",Unilever
CREME DE TRATAMENTO ELSEVE HIDRA HIALURÔNICO 300G,cod. do produto: 54745,"R$ 19,80","R$ 25,60",23%,"Creme de Tratamento Elseve Hidra Hialurônico, enriquecido com Ácido Hialurônico.",
GLICERINA ADV 100ML,cod. do produto: 57993,"R$ 10,68","R$ 12,70",16%,"GLICERINA ADV 100ML em condições especiais é no Drogão Super!
Produto com excelente atividade sobre a pele, qunado aplicado sobre locais irritados ou lesados, tendem a formar uma película protetora contra estímulos resultantes do contato com o ar ou irritantes ambientais.",
ÁGUA OXIGENADA CREMOSA ADV 20 VOLUMES 100ML,cod. do produto: 57990,"R$ 3,41","R$ 4,10",17%,"ÁGUA OXIGENADA CREMOSA ADV 20 VOLUMES 100ML em condições especiais é no Drogão Super!
Água oxigenada cremosa adv foi desenvolvida especialmente pela tayuyna para descoloração dos fios capilares e também ajuda na oxidação nos processos de coloração.",
DESODORANTE ANTITRANSPIRANTE AEROSSOL REXONA POWDER DRY COM 250ML,cod. do produto: 55887,"R$ 15,05","R$ 20,90",28%,"O Rexona Powder Dry é um desodorante aerossol inovador que combina tecnologia exclusiva antitranspirante com fragrâncias encapsuladas, promovendo 72h de proteção contra o suor e o mau odor. Rexona Power Dry Feminino ainda conta uma combinação rica de Jasmin e Baunilha, proporcionando uma fragrância agradável que dura o dia inteiro.",Rexona
LYSOFORM AEROSSOL ORIGINAL 360ML,cod. do produto: 53237,"R$ 20,51","R$ 25,30",19%,O Desinfetante Lysoform Aerosol é indicado para desinfecção de pequenas superficies não laváveis e doméstica em geral.,Ceras Johnson
MATRION 30 COMPRIMIDOS REVESTIDOS,cod. do produto: 50043,"R$ 36,41","R$ 48,90",26%,"O Matrion é um suplemento alimentar com L-metilfolato de glicosamina (Quatrefolic® - 4ª
geração de folato), cianocobalamina (vitamina B12) e cloridrato de piridoxina (vitamina B6).",
PROTETOR LABIAL NIVEA CEREJA SHINE,cod. do produto: 52686,"R$ 15,51","R$ 20,80",25%,"Nivea Hidratante Labial Cereja Shine oferece 24 horas de hidratação profunda, além de adicionar cor aos seus lábios e proteger contra o ressecamento. Testado dermatologicamente, o Lip Care Cereja Shine tem o tamanho ideal para acompanhá-la em todos os momentos da sua vida, deixando você sempre pronta para arrasar. Compre agora, receba em casa e se surpreenda com lábios macios e radiantes.",
ODORIZADOR SAN.FREECO ORI.60ML,cod. do produto: 1004344,"R$ 20,94","R$ 24,10",13%,Posicione o produto na frente do vaso sanitário e borrife 5 vezes. Os óleos naturais do produto vão criar uma barreira para evitar o mau cheiro e ficará apenas um gostoso odor.,
FINI TUBES MORANGO CÍTRICO 80G,cod. do produto: 52052,"R$ 5,65","R$ 7,40",24%,*,Fini
GEL LUBRIFICANTE ÍNTIMO JONTEX CEREJA 3 EM 1 50G,cod. do produto: 45552,"R$ 17,75","R$ 21,20",16%,Gel lubrificante íntimo com aroma de cereja indicado para uma lubrificação íntima e massagem.,
TALCO TENYS PÉ BARUEL EM PÓ TRADICIONAL 100G,cod. do produto: 4102,"R$ 11,09","R$ 13,20",16%,"TALCO TENYS PÉ BARUEL EM PÓ TRADICIONAL 100G em condições especiais é no Drogão Super!
O pioneiro, o autêntico, o precursor da linha tenys pé.
Azul com tampa vermelha é um verdadeiro ícone da categoria.
*antisséptico e desodorante;
*mantém os pés secos e protegidos;
*elimina os odores da transpiração.",Baruel
CREME DENTAL COLGATE TRIPLA AÇÃO ORIGINAL COM CÁLCIO 90G,cod. do produto: 4155,"R$ 4,36","R$ 5,10",15%,"O creme dental colgate tripla ação conta com cálcio em sua fórmula para uma limpeza mais completa e profunda. Pode ser usado por crianças maiores de 6 anos em quantidade reduzida. Contém flúor e sabor de menta suave. O creme dental colgate tripla ação oferece ação anticárie, dentes brancos e hálito fresco.",Colgate-Palmolive
FINI BALA MINHOCA CITRICA 100G,cod. do produto: 52058,"R$ 5,65","R$ 7,30",23%,*,Fini
Sabonete Líquido Granado Calêndula 300ml,cod. do produto: 51211,"R$ 23,03","R$ 27,50",16%,"Descubra mais sobreGranado Terrapeutics Calêndula Creme hidratante corporal para todos os tipos de pele. Hidrata, suaviza mantém o corpo com toque aveludado. Com base 100% vegetal, Granado Terrapeutics Hidratante Calêndula devolve o viço natural da epiderme, proporcionando textura macia e delicada. 

Além de suavizar o corpo, as propriedades calmantes e purificantes ajudam a recuperar vitalidade. A fragrância floral delicada complementa os cuidados de Granado Terrapeutics Hidratante Calêndula. Sua pele fica hidratada, macia e com toque aveludado.   Como UsarGranado Terrapeutics Calêndula Conselho de Aplicação Com a pele limpa, aplique o creme sobre o corpo de maneira uniforme, massageando delicadamente. Resultado Sua pele fica hidratada, macia e com toque aveludado. Pirâmide Olfativa Topo: Notas Aldeícas, Doce de Laranja, Melão e Íris. Corpo: Notas Aldeícas, Doce de Laranja, Melão e Íris. Fundo: Notas Aldeícas, Doce de Laranja, Melão e Íris.",
MONITOR DE PRESSÃO ARTERIAL DE PULSO OMRON CONTROL HEM-6124,cod. do produto: 56888,"R$ 147,54","R$ 194,70",24%,"O Monitor de Pressão Arterial de Pulso Omron Control HEM-6124 Omron é compacto e de fácil uso, podendo ser transportado tranquilamente para todos os lugares, de acordo com a sua necessidade de aferição de pressão arterial.",Omron
KIT PROTETOR SOLAR CORPORAL NEUTROGENA SUN FRESH FPS70 + NEUTROGENA FACIAL FPS70,cod. do produto: 53695,"R$ 77,91","R$ 121,99",36%,"O Protetor Solar Neutrogena Sun Fresh possui uma fórmula não oleosa e com alto poder de absorção, devido à tecnologia Helioplex que proporciona uma solução altamente eficaz e uma proteção ampla e imediata contra os raios UVA/UVB, garantindo uma pele protegida, intensamente hidratada, seca e fresquinha.",
DESODORANTE AEROSOL REXONA MEN XTRACOOL,cod. do produto: 39441,"R$ 10,20","R$ 15,90",36%,"DESODORANTE AEROSOL REXONA MEN XTRACOOL em condições especiais é no Drogão Super!
O desodorante aerossol rexona men xtra cool, conta com microcápsulas inteligentes motionsense, que forma uma camada protetora na axila e ao longo do dia com o atrito na região aplicada as cápsulas se rompem proporcionando maior proteção.
Quanto mais você se movimenta, mais ele te protege.
O Desodorante aerossol rexona men xtra cool proporciona segurança com ação extra refrescante com fragrância natural de mentol.
Garante conforto e proteção seca por até 48 horas.",Unilever
DESODORANTE ANTITRANSPIRANTE AEROSOL DOVE MEN +CARE CLINICAL CUIDADO TOTAL,cod. do produto: 53957,"R$ 11,94","R$ 17,90",33%,"Novo desodorante antitranspirante Dove Men+Care Clinical Cuidado Total aerosol, feito para homens que procuram uma maior proteção antitranspirante combinada com tecnologia hidratante que não irrita a pele.",Unilever
PASTA DE DENTE COLGATE TOTAL 12 GENGIVA REFORÇADA 140G,cod. do produto: 54536,"R$ 12,18","R$ 14,50",16%,"Novo creme dental Colgate Total 12 Gengiva Reforçada, com fórmula avançada e antibacteriana, garante até 12 horas de defesa ativa que reforça sua gengiva contras as bactérias com o uso contínuo.",Colgate-Palmolive
CREME DENTAL CLOSE UP PROTEÇÃO BIOATIVA 70G,cod. do produto: 50953,"R$ 2,57","R$ 3,00",14%,Experimente CloseUp Proteção Bioativa Contra o Ácido do Açúcar e combata a causa número 1 das cáries! Dentes saudáveis e protegidos para você ter confiança de chegar mais perto.,Unilever
SHAMPOO CLEAR ANTICASPA MEN LIMPEZA PROFUNDA 200ML,cod. do produto: 41067,"R$ 11,72","R$ 15,90",26%,"Lute contra as caspas e tenha cabelos muito mais bonitos e saudáveis com o shampoo anticaspa clear men limpeza profunda.
Utilize os demais produtos da linha anticaspa clear men limpeza profunda e tenha resultados ainda mais eficientes.
Quando usado com regularidade, ativa a camada de proteção natural do couro cabeludo contra caspa.
modo de usar: aplique no cabelo molhado, massageie o couro cabeludo e enxágue.
Para obter melhores resultados, use diariamente.
feito especialmente para homens, o shampoo anticaspa clear men limpeza profunda limpa profundamente os fios e o couro cabeludo, ao mesmo tempo em que nutre, hidrata e trata os fios.
Sua fórmula possui tecnologia exclusiva, que controla a oleosidade e proporciona um toque de frescor ao seu couro cabeludo, graças ao mentol refrescante.",Unilever
DESODORANTE AEROSOL  REXONA MOTIONSENSE INVISIBLE ANTIBACTERIAL MEN 90G,cod. do produto: 48517,"R$ 10,20","R$ 15,90",36%,"DESODORANTE AEROSOL REXONA MOTIONSENSE INVISIBLE ANTIBACTERIAL MEN  evita manchas brancas e amarelas, sua formula inovadora que combina a exclusiva tecnologia motionsense com o inovador fluid ap. Proteção contra as manchas e a transpiração.",Unilever
ESCOVA DENTAL ORAL B INDICATOR N°30 2 UNIDADES,cod. do produto: 47810,"R$ 17,46","R$ 20,90",16%,"Escova Dental Oral-B Indicator possui cabeça com 30 cerdas macias que ajudam a remover as manchas dos dentes, previne o aparecimento de caries, a formação de placa, do tártaro e a gengivite.
A imagem do produto é meramente ilustrativa.
Produto sem escolha de cor.
Será enviada a cor disponível no momento da compra.",P&G
BOLSA TERMICA GEL 300 ML,cod. do produto: 52235,"R$ 15,80","R$ 19,50",19%,"Destinada a compressas quentes, frias ou geladas. Serve como auxiliar no tratamento de dores musculares, processos inflamatórios, cólicas menstruais, dores de ouvido e outras.",Sanity
PROTETOR SOLAR SUNDOWN EMBALAGEM ECONÔMICA FPS 50 200ML,cod. do produto: 4705,"R$ 51,49","R$ 78,99",35%,"PROTETOR SOLAR SUNDOWN EMBALAGEM ECONÔMICA FPS 50 200ML em condições especiais é no Drogão Super!
O protetor solar sundown conta com a tecnologia fotoestável que oferece proteção à pele de maneira igual desde a hora da aplicação até a hora da reaplicação.
É recomendável aplicá-lo generosamente sobre a pele antes e durante a exposição ao sol.
Sua reaplicação é importante após banhar-se ou usar a toalha na região de aplicação.
O Protetor solar sundown é um protetor solar que protege contra os raios uva e uvb.
Ele previne o fotoenvelhecimento e é resistente à água por até duas horas.",
KIT PROTETOR SOLAR CORPORAL NIVEA SUN PROTECT & HIDRATA FPS30,cod. do produto: 52453,"R$ 45,56","R$ 61,20",26%,O Protetor Solar Corporal Nivea Sun Protect & Hidrata FPS30 possui um sistema de filtro UVA/UVB que oferece alta proteção e previne o envelhecimento da pele causado pela exposição solar/radiação.,
DESODORANTE REXONA ANTIBACTERIAL + INVISIBLE AEROSSOL ANTITRANSPIRANTE 72H COM 250ML,cod. do produto: 55891,"R$ 15,05","R$ 20,90",28%,"O Rexona Antibacterial + Invisible 72 horas é um desodorante antitranspirante em formato aerossol e feito para o público feminino. Ele conta com tecnologia que protege as roupas contra manchas brancas e amarelas, além de eliminar as bactérias que causam o mau odor nas axilas. A nova e exclusiva fórmula de Rexona Antibacterial + Invisible traz um sistema de partículas menores e mais estáveis que ajuda a criar uma barreira protetora mais resistente e duradoura contra a transpiração e o mau cheiro. Ideal para manter você seco, fresco e protegido por muito mais tempo. Com uma nova fórmula, o Desodorante Antitranspirante Aerosol Feminino Rexona Antibacterial + Invisible 72 horas oferece até 72 horas de proteção contra a transpiração e o mau odor com a tecnologia de fragrância encapsulada.",Rexona
FINI BALA MINHOCA BRILHO 100G,cod. do produto: 52057,"R$ 5,65","R$ 7,30",23%,*,Fini
FLEXOGEL MASSAGEADOR ARNICA E ERVA ST MARIA 200G,cod. do produto: 1007632,"R$ 34,38","R$ 41,00",16%,"Auxilia no tratamento de dores reumáticas e musculares, composição: aqua, carbomer, alcohol, menthyl lactose, eugenol, peg-40 castor oil, arnica montana flower extract, chelidonium majus extract, triethanolamine, propylparaben, methylparaben, ci 42090",Saltinelli
